<?xml version="1.0" encoding="UTF-8"?>
<project-private xmlns="http://www.netbeans.org/ns/project-private/1">
    <editor-bookmarks xmlns="http://www.netbeans.org/ns/editor-bookmarks/2" lastBookmarkId="0"/>
    <open-files xmlns="http://www.netbeans.org/ns/projectui-open-files/2">
        <group>
            <file>file:/C:/Users/Dugle_000/Documents/GitHub/CamAndDougsCapstone/CamAndDougCapstoneCode/src/backend_models/PicFile.java</file>
            <file>file:/C:/Users/Dugle_000/Documents/GitHub/CamAndDougsCapstone/CamAndDougCapstoneCode/src/frontend_viewcontroller/MainViewDisplay.java</file>
            <file>file:/C:/Users/Dugle_000/Documents/GitHub/CamAndDougsCapstone/CamAndDougCapstoneCode/src/frontend_viewcontroller/BackendModelSetup.java</file>
            <file>file:/C:/Users/Dugle_000/Documents/GitHub/CamAndDougsCapstone/CamAndDougCapstoneCode/src/the_app/TheAppRunner.java</file>
            <file>file:/C:/Users/Dugle_000/Documents/GitHub/CamAndDougsCapstone/CamAndDougCapstoneCode/src/frontend_viewcontroller/ModelsAndViewsController.java</file>
        </group>
    </open-files>
</project-private>
